,Glucose,Glutamate
Control,0.08259861766669982,0.016971667782344144
Clone A,0.0417153031955904,-0.005133519350589648
Clone B,0.01396340408687743,0.011681551754142924
