,Glucose,Glutamate
Control,0.0846460393271493,0.017335051653748438
Clone A,0.0378590327677735,-0.004644681971047866
Clone B,0.014287987036586668,0.011939913824249353
